[
  {
    "id": "1",
    "slug": "introduction-to-machine-learning",
    "title": "Introduction to Machine Learning",
    "excerpt": "A beginner's guide to understanding the fundamentals of machine learning.",
    "content": "<h1 style=\"font-size:2.5em; margin-bottom:0.5em;\">Introduction to Machine Learning</h1><p style=\"font-size:1.2em; line-height:1.6;\">Welcome to the exciting world of Machine Learning (ML)! This beginner-friendly guide introduces you to core concepts, essential tools, and practical examples to kick-start your journey.</p><h2 style=\"margin-top:2em; font-size:2em;\">What is Machine Learning?</h2><p style=\"font-size:1.1em; line-height:1.6;\">Machine Learning is a branch of Artificial Intelligence (AI) that enables systems to learn from data and improve over time without being explicitly programmed. It’s all about discovering patterns and making intelligent predictions.</p><img src=\"https://images.unsplash.com/photo-1527474305487-b87b222841cc?q=80&w=2070&auto=format&fit=crop\" alt=\"Conceptual image of machine learning\" style=\"width:100%; max-width:600px; border-radius:12px; margin:25px auto; display:block;\"/><h2 style=\"margin-top:2em; font-size:2em;\">Key Concepts</h2><p style=\"font-size:1.1em; line-height:1.6;\">Here are some of the fundamental concepts in Machine Learning:</p><table style=\"width:100%; border-collapse:collapse; margin:20px 0; text-align:left;\"><thead><tr style=\"background-color:#2a2a2a; color:#fff;\"><th style=\"padding:12px; border:1px solid #ddd;\">Concept</th><th style=\"padding:12px; border:1px solid #ddd;\">Description</th></tr></thead><tbody><tr><td style=\"padding:12px; border:1px solid #ddd;\">Supervised Learning</td><td style=\"padding:12px; border:1px solid #ddd;\">Trains models using labeled data (e.g., classification, regression).</td></tr><tr><td style=\"padding:12px; border:1px solid #ddd;\">Unsupervised Learning</td><td style=\"padding:12px; border:1px solid #ddd;\">Discovers patterns in unlabeled data (e.g., clustering).</td></tr><tr><td style=\"padding:12px; border:1px solid #ddd;\">Reinforcement Learning</td><td style=\"padding:12px; border:1px solid #ddd;\">Learns by interacting with environments through feedback (e.g., robotics, game AI).</td></tr></tbody></table><h2 style=\"margin-top:2em; font-size:2em;\">Getting Started with Python</h2><p style=\"font-size:1.1em; line-height:1.6;\">Python is the go-to language for ML development. Here’s a simple example using <code style=\"background-color:#eee; padding:2px 4px; color:black; border-radius:4px;\">scikit-learn</code>:</p><pre style=\"background-color:#1e1e1e; color:#ffffff; padding:16px; border-radius:8px; overflow-x:auto;\"><code>from sklearn.linear_model import LinearRegression\nimport numpy as np\n\nX = np.array([[1], [2], [3]])\ny = np.array([2, 4, 6])\n\nmodel = LinearRegression().fit(X, y)\nprint(model.predict([[4]]))  # Output: [8]</code></pre><h2 style=\"margin-top:2em; font-size:2em;\">Project Example</h2><p style=\"font-size:1.1em; line-height:1.6;\">Get hands-on with a beginner-friendly ML project: <a href=\"https://github.com/farsanathasnem/ml-predictor\" target=\"_blank\" style=\"color:#6366f1; text-decoration:underline;\">House Price Prediction</a>. This project uses regression techniques to estimate house prices based on features like area and location.</p><img src=\"https://images.unsplash.com/photo-1716436329836-208bea5a55e6?q=80&w=2128&auto=format&fit=crop&ixlib=rb-4.0.3&ixid=M3wxMjA3fDB8MHxwaG90by1wYWdlfHx8fGVufDB8fHx8fA%3D%3D\" alt=\"House Price Prediction Project Visual\" style=\"width:100%; max-width:600px; border-radius:12px; margin:25px auto; display:block;\"/><p style=\"font-size:1.2em; margin-top:2em;\">Start your ML journey today and unlock endless possibilities in AI-driven technology!</p>",
    "category": "Machine Learning",
    "tags": ["ML", "AI", "Python"],
    "date": "April 05, 2025",
    "readTime": "5 min read",
    "image": "https://images.unsplash.com/photo-1716436329836-208bea5a55e6?q=80&w=2128&auto=format&fit=crop&ixlib=rb-4.0.3&ixid=M3wxMjA3fDB8MHxwaG90by1wYWdlfHx8fGVufDB8fHx8fA%3D%3D",
    "imageCard": "https://images.unsplash.com/photo-1716436329836-208bea5a55e6?q=80&w=2128&auto=format&fit=crop&ixlib=rb-4.0.3&ixid=M3wxMjA3fDB8MHxwaG90by1wYWdlfHx8fGVufDB8fHx8fA%3D%3D",
    "imageBanner": "https://images.unsplash.com/photo-1591696331111-ef9586a5b17a?q=80&w=2070&auto=format&fit=crop&ixlib=rb-4.0.3&ixid=M3wxMjA3fDB8MHxwaG90by1wYWdlfHx8fGVufDB8fHx8fA%3D%3D"
  },
  {
    "id": "2",
    "slug": "data-visualization-techniques",
    "title": "Advanced Data Visualization Techniques",
    "excerpt": "Explore advanced methods to visualize complex datasets effectively.",
    "content": "<h1 style=\"font-size:2.5em; margin-bottom:0.5em;\">Introduction to Machine Learning</h1><p style=\"font-size:1.2em; line-height:1.6;\">Welcome to the exciting world of Machine Learning (ML)! This beginner-friendly guide introduces you to core concepts, essential tools, and practical examples to kick-start your journey.</p><h2 style=\"margin-top:2em; font-size:2em;\">What is Machine Learning?</h2><p style=\"font-size:1.1em; line-height:1.6;\">Machine Learning is a branch of Artificial Intelligence (AI) that enables systems to learn from data and improve over time without being explicitly programmed. It’s all about discovering patterns and making intelligent predictions.</p><img src=\"https://images.unsplash.com/photo-1527474305487-b87b222841cc?q=80&w=2070&auto=format&fit=crop\" alt=\"Conceptual image of machine learning\" style=\"width:100%; max-width:600px; border-radius:12px; margin:25px auto; display:block;\"/><h2 style=\"margin-top:2em; font-size:2em;\">Key Concepts</h2><p style=\"font-size:1.1em; line-height:1.6;\">Here are some of the fundamental concepts in Machine Learning:</p><table style=\"width:100%; border-collapse:collapse; margin:20px 0; text-align:left;\"><thead><tr style=\"background-color:#2a2a2a; color:#fff;\"><th style=\"padding:12px; border:1px solid #ddd;\">Concept</th><th style=\"padding:12px; border:1px solid #ddd;\">Description</th></tr></thead><tbody><tr><td style=\"padding:12px; border:1px solid #ddd;\">Supervised Learning</td><td style=\"padding:12px; border:1px solid #ddd;\">Trains models using labeled data (e.g., classification, regression).</td></tr><tr><td style=\"padding:12px; border:1px solid #ddd;\">Unsupervised Learning</td><td style=\"padding:12px; border:1px solid #ddd;\">Discovers patterns in unlabeled data (e.g., clustering).</td></tr><tr><td style=\"padding:12px; border:1px solid #ddd;\">Reinforcement Learning</td><td style=\"padding:12px; border:1px solid #ddd;\">Learns by interacting with environments through feedback (e.g., robotics, game AI).</td></tr></tbody></table><h2 style=\"margin-top:2em; font-size:2em;\">Getting Started with Python</h2><p style=\"font-size:1.1em; line-height:1.6;\">Python is the go-to language for ML development. Here’s a simple example using <code style=\"background-color:#eee; padding:2px 4px; color:black; border-radius:4px;\">scikit-learn</code>:</p><pre style=\"background-color:#1e1e1e; color:#ffffff; padding:16px; border-radius:8px; overflow-x:auto;\"><code>from sklearn.linear_model import LinearRegression\nimport numpy as np\n\nX = np.array([[1], [2], [3]])\ny = np.array([2, 4, 6])\n\nmodel = LinearRegression().fit(X, y)\nprint(model.predict([[4]]))  # Output: [8]</code></pre><h2 style=\"margin-top:2em; font-size:2em;\">Project Example</h2><p style=\"font-size:1.1em; line-height:1.6;\">Get hands-on with a beginner-friendly ML project: <a href=\"https://github.com/farsanathasnem/ml-predictor\" target=\"_blank\" style=\"color:#6366f1; text-decoration:underline;\">House Price Prediction</a>. This project uses regression techniques to estimate house prices based on features like area and location.</p><img src=\"https://images.unsplash.com/photo-1716436329836-208bea5a55e6?q=80&w=2128&auto=format&fit=crop&ixlib=rb-4.0.3&ixid=M3wxMjA3fDB8MHxwaG90by1wYWdlfHx8fGVufDB8fHx8fA%3D%3D\" alt=\"House Price Prediction Project Visual\" style=\"width:100%; max-width:600px; border-radius:12px; margin:25px auto; display:block;\"/><p style=\"font-size:1.2em; margin-top:2em;\">Start your ML journey today and unlock endless possibilities in AI-driven technology!</p>",
    "category": "Data Science",
    "tags": ["DataViz", "Python", "Charts"],
    "date": "April 07, 2025",
    "readTime": "7 min read",
    "image": "https://images.unsplash.com/photo-1695902173528-0b15104c4554?q=80&w=1932&auto=format&fit=crop&ixlib=rb-4.0.3&ixid=M3wxMjA3fDB8MHxwaG90by1wYWdlfHx8fGVufDB8fHx8fA%3D%3D",
    "imageCard": "https://images.unsplash.com/photo-1695902173528-0b15104c4554?q=80&w=1932&auto=format&fit=crop&ixlib=rb-4.0.3&ixid=M3wxMjA3fDB8MHxwaG90by1wYWdlfHx8fGVufDB8fHx8fA%3D%3D",
    "imageBanner": "https://images.unsplash.com/photo-1591696331111-ef9586a5b17a?q=80&w=2070&auto=format&fit=crop&ixlib=rb-4.0.3&ixid=M3wxMjA3fDB8MHxwaG90by1wYWdlfHx8fGVufDB8fHx8fA%3D%3D"
  },
  {
    "id": "3",
    "slug": "data-visualization-techniques",
    "title": "Advanced Data Visualization Techniques",
    "excerpt": "Explore advanced methods to visualize complex datasets effectively.",
    "content": "<h1 style=\"font-size:2.5em; margin-bottom:0.5em;\">Introduction to Machine Learning</h1><p style=\"font-size:1.2em; line-height:1.6;\">Welcome to the exciting world of Machine Learning (ML)! This beginner-friendly guide introduces you to core concepts, essential tools, and practical examples to kick-start your journey.</p><h2 style=\"margin-top:2em; font-size:2em;\">What is Machine Learning?</h2><p style=\"font-size:1.1em; line-height:1.6;\">Machine Learning is a branch of Artificial Intelligence (AI) that enables systems to learn from data and improve over time without being explicitly programmed. It’s all about discovering patterns and making intelligent predictions.</p><img src=\"https://images.unsplash.com/photo-1527474305487-b87b222841cc?q=80&w=2070&auto=format&fit=crop\" alt=\"Conceptual image of machine learning\" style=\"width:100%; max-width:600px; border-radius:12px; margin:25px auto; display:block;\"/><h2 style=\"margin-top:2em; font-size:2em;\">Key Concepts</h2><p style=\"font-size:1.1em; line-height:1.6;\">Here are some of the fundamental concepts in Machine Learning:</p><table style=\"width:100%; border-collapse:collapse; margin:20px 0; text-align:left;\"><thead><tr style=\"background-color:#2a2a2a; color:#fff;\"><th style=\"padding:12px; border:1px solid #ddd;\">Concept</th><th style=\"padding:12px; border:1px solid #ddd;\">Description</th></tr></thead><tbody><tr><td style=\"padding:12px; border:1px solid #ddd;\">Supervised Learning</td><td style=\"padding:12px; border:1px solid #ddd;\">Trains models using labeled data (e.g., classification, regression).</td></tr><tr><td style=\"padding:12px; border:1px solid #ddd;\">Unsupervised Learning</td><td style=\"padding:12px; border:1px solid #ddd;\">Discovers patterns in unlabeled data (e.g., clustering).</td></tr><tr><td style=\"padding:12px; border:1px solid #ddd;\">Reinforcement Learning</td><td style=\"padding:12px; border:1px solid #ddd;\">Learns by interacting with environments through feedback (e.g., robotics, game AI).</td></tr></tbody></table><h2 style=\"margin-top:2em; font-size:2em;\">Getting Started with Python</h2><p style=\"font-size:1.1em; line-height:1.6;\">Python is the go-to language for ML development. Here’s a simple example using <code style=\"background-color:#eee; padding:2px 4px; color:black; border-radius:4px;\">scikit-learn</code>:</p><pre style=\"background-color:#1e1e1e; color:#ffffff; padding:16px; border-radius:8px; overflow-x:auto;\"><code>from sklearn.linear_model import LinearRegression\nimport numpy as np\n\nX = np.array([[1], [2], [3]])\ny = np.array([2, 4, 6])\n\nmodel = LinearRegression().fit(X, y)\nprint(model.predict([[4]]))  # Output: [8]</code></pre><h2 style=\"margin-top:2em; font-size:2em;\">Project Example</h2><p style=\"font-size:1.1em; line-height:1.6;\">Get hands-on with a beginner-friendly ML project: <a href=\"https://github.com/farsanathasnem/ml-predictor\" target=\"_blank\" style=\"color:#6366f1; text-decoration:underline;\">House Price Prediction</a>. This project uses regression techniques to estimate house prices based on features like area and location.</p><img src=\"https://images.unsplash.com/photo-1716436329836-208bea5a55e6?q=80&w=2128&auto=format&fit=crop&ixlib=rb-4.0.3&ixid=M3wxMjA3fDB8MHxwaG90by1wYWdlfHx8fGVufDB8fHx8fA%3D%3D\" alt=\"House Price Prediction Project Visual\" style=\"width:100%; max-width:600px; border-radius:12px; margin:25px auto; display:block;\"/><p style=\"font-size:1.2em; margin-top:2em;\">Start your ML journey today and unlock endless possibilities in AI-driven technology!</p>",
    "category": "Data Science",
    "tags": ["DataViz", "Python", "Charts"],
    "date": "April 07, 2025",
    "readTime": "7 min read",
    "image": "https://images.unsplash.com/photo-1591696331111-ef9586a5b17a?q=80&w=2070&auto=format&fit=crop&ixlib=rb-4.0.3&ixid=M3wxMjA3fDB8MHxwaG90by1wYWdlfHx8fGVufDB8fHx8fA%3D%3D",
    "imageCard": "https://images.unsplash.com/photo-1591696331111-ef9586a5b17a?q=80&w=2070&auto=format&fit=crop&ixlib=rb-4.0.3&ixid=M3wxMjA3fDB8MHxwaG90by1wYWdlfHx8fGVufDB8fHx8fA%3D%3D",
    "imageBanner": "https://images.unsplash.com/photo-1591696331111-ef9586a5b17a?q=80&w=2070&auto=format&fit=crop&ixlib=rb-4.0.3&ixid=M3wxMjA3fDB8MHxwaG90by1wYWdlfHx8fGVufDB8fHx8fA%3D%3D"
  },
  {
    "id": "4",
    "slug": "data-visualization-techniques",
    "title": "Advanced Data Visualization Techniques",
    "excerpt": "Explore advanced methods to visualize complex datasets effectively.",
    "content": "<h1 style=\"font-size:2.5em; margin-bottom:0.5em;\">Introduction to Machine Learning</h1><p style=\"font-size:1.2em; line-height:1.6;\">Welcome to the exciting world of Machine Learning (ML)! This beginner-friendly guide introduces you to core concepts, essential tools, and practical examples to kick-start your journey.</p><h2 style=\"margin-top:2em; font-size:2em;\">What is Machine Learning?</h2><p style=\"font-size:1.1em; line-height:1.6;\">Machine Learning is a branch of Artificial Intelligence (AI) that enables systems to learn from data and improve over time without being explicitly programmed. It’s all about discovering patterns and making intelligent predictions.</p><img src=\"https://images.unsplash.com/photo-1527474305487-b87b222841cc?q=80&w=2070&auto=format&fit=crop\" alt=\"Conceptual image of machine learning\" style=\"width:100%; max-width:600px; border-radius:12px; margin:25px auto; display:block;\"/><h2 style=\"margin-top:2em; font-size:2em;\">Key Concepts</h2><p style=\"font-size:1.1em; line-height:1.6;\">Here are some of the fundamental concepts in Machine Learning:</p><table style=\"width:100%; border-collapse:collapse; margin:20px 0; text-align:left;\"><thead><tr style=\"background-color:#2a2a2a; color:#fff;\"><th style=\"padding:12px; border:1px solid #ddd;\">Concept</th><th style=\"padding:12px; border:1px solid #ddd;\">Description</th></tr></thead><tbody><tr><td style=\"padding:12px; border:1px solid #ddd;\">Supervised Learning</td><td style=\"padding:12px; border:1px solid #ddd;\">Trains models using labeled data (e.g., classification, regression).</td></tr><tr><td style=\"padding:12px; border:1px solid #ddd;\">Unsupervised Learning</td><td style=\"padding:12px; border:1px solid #ddd;\">Discovers patterns in unlabeled data (e.g., clustering).</td></tr><tr><td style=\"padding:12px; border:1px solid #ddd;\">Reinforcement Learning</td><td style=\"padding:12px; border:1px solid #ddd;\">Learns by interacting with environments through feedback (e.g., robotics, game AI).</td></tr></tbody></table><h2 style=\"margin-top:2em; font-size:2em;\">Getting Started with Python</h2><p style=\"font-size:1.1em; line-height:1.6;\">Python is the go-to language for ML development. Here’s a simple example using <code style=\"background-color:#eee; padding:2px 4px; color:black; border-radius:4px;\">scikit-learn</code>:</p><pre style=\"background-color:#1e1e1e; color:#ffffff; padding:16px; border-radius:8px; overflow-x:auto;\"><code>from sklearn.linear_model import LinearRegression\nimport numpy as np\n\nX = np.array([[1], [2], [3]])\ny = np.array([2, 4, 6])\n\nmodel = LinearRegression().fit(X, y)\nprint(model.predict([[4]]))  # Output: [8]</code></pre><h2 style=\"margin-top:2em; font-size:2em;\">Project Example</h2><p style=\"font-size:1.1em; line-height:1.6;\">Get hands-on with a beginner-friendly ML project: <a href=\"https://github.com/farsanathasnem/ml-predictor\" target=\"_blank\" style=\"color:#6366f1; text-decoration:underline;\">House Price Prediction</a>. This project uses regression techniques to estimate house prices based on features like area and location.</p><img src=\"https://images.unsplash.com/photo-1716436329836-208bea5a55e6?q=80&w=2128&auto=format&fit=crop&ixlib=rb-4.0.3&ixid=M3wxMjA3fDB8MHxwaG90by1wYWdlfHx8fGVufDB8fHx8fA%3D%3D\" alt=\"House Price Prediction Project Visual\" style=\"width:100%; max-width:600px; border-radius:12px; margin:25px auto; display:block;\"/><p style=\"font-size:1.2em; margin-top:2em;\">Start your ML journey today and unlock endless possibilities in AI-driven technology!</p>",
    "category": "Data Science",
    "tags": ["DataViz", "Python", "Charts"],
    "date": "April 07, 2025",
    "readTime": "7 min read",
    "image": "https://images.unsplash.com/photo-1591696331111-ef9586a5b17a?q=80&w=2070&auto=format&fit=crop&ixlib=rb-4.0.3&ixid=M3wxMjA3fDB8MHxwaG90by1wYWdlfHx8fGVufDB8fHx8fA%3D%3D",
    "imageCard": "https://images.unsplash.com/photo-1591696331111-ef9586a5b17a?q=80&w=2070&auto=format&fit=crop&ixlib=rb-4.0.3&ixid=M3wxMjA3fDB8MHxwaG90by1wYWdlfHx8fGVufDB8fHx8fA%3D%3D",
    "imageBanner": "https://images.unsplash.com/photo-1591696331111-ef9586a5b17a?q=80&w=2070&auto=format&fit=crop&ixlib=rb-4.0.3&ixid=M3wxMjA3fDB8MHxwaG90by1wYWdlfHx8fGVufDB8fHx8fA%3D%3D"
  },{
    "id": "5",
    "slug": "data-visualization-techniques",
    "title": "Advanced Data Visualization Techniques",
    "excerpt": "Explore advanced methods to visualize complex datasets effectively.",
    "content": "<h1 style=\"font-size:2.5em; margin-bottom:0.5em;\">Introduction to Machine Learning</h1><p style=\"font-size:1.2em; line-height:1.6;\">Welcome to the exciting world of Machine Learning (ML)! This beginner-friendly guide introduces you to core concepts, essential tools, and practical examples to kick-start your journey.</p><h2 style=\"margin-top:2em; font-size:2em;\">What is Machine Learning?</h2><p style=\"font-size:1.1em; line-height:1.6;\">Machine Learning is a branch of Artificial Intelligence (AI) that enables systems to learn from data and improve over time without being explicitly programmed. It’s all about discovering patterns and making intelligent predictions.</p><img src=\"https://images.unsplash.com/photo-1527474305487-b87b222841cc?q=80&w=2070&auto=format&fit=crop\" alt=\"Conceptual image of machine learning\" style=\"width:100%; max-width:600px; border-radius:12px; margin:25px auto; display:block;\"/><h2 style=\"margin-top:2em; font-size:2em;\">Key Concepts</h2><p style=\"font-size:1.1em; line-height:1.6;\">Here are some of the fundamental concepts in Machine Learning:</p><table style=\"width:100%; border-collapse:collapse; margin:20px 0; text-align:left;\"><thead><tr style=\"background-color:#2a2a2a; color:#fff;\"><th style=\"padding:12px; border:1px solid #ddd;\">Concept</th><th style=\"padding:12px; border:1px solid #ddd;\">Description</th></tr></thead><tbody><tr><td style=\"padding:12px; border:1px solid #ddd;\">Supervised Learning</td><td style=\"padding:12px; border:1px solid #ddd;\">Trains models using labeled data (e.g., classification, regression).</td></tr><tr><td style=\"padding:12px; border:1px solid #ddd;\">Unsupervised Learning</td><td style=\"padding:12px; border:1px solid #ddd;\">Discovers patterns in unlabeled data (e.g., clustering).</td></tr><tr><td style=\"padding:12px; border:1px solid #ddd;\">Reinforcement Learning</td><td style=\"padding:12px; border:1px solid #ddd;\">Learns by interacting with environments through feedback (e.g., robotics, game AI).</td></tr></tbody></table><h2 style=\"margin-top:2em; font-size:2em;\">Getting Started with Python</h2><p style=\"font-size:1.1em; line-height:1.6;\">Python is the go-to language for ML development. Here’s a simple example using <code style=\"background-color:#eee; padding:2px 4px; color:black; border-radius:4px;\">scikit-learn</code>:</p><pre style=\"background-color:#1e1e1e; color:#ffffff; padding:16px; border-radius:8px; overflow-x:auto;\"><code>from sklearn.linear_model import LinearRegression\nimport numpy as np\n\nX = np.array([[1], [2], [3]])\ny = np.array([2, 4, 6])\n\nmodel = LinearRegression().fit(X, y)\nprint(model.predict([[4]]))  # Output: [8]</code></pre><h2 style=\"margin-top:2em; font-size:2em;\">Project Example</h2><p style=\"font-size:1.1em; line-height:1.6;\">Get hands-on with a beginner-friendly ML project: <a href=\"https://github.com/farsanathasnem/ml-predictor\" target=\"_blank\" style=\"color:#6366f1; text-decoration:underline;\">House Price Prediction</a>. This project uses regression techniques to estimate house prices based on features like area and location.</p><img src=\"https://images.unsplash.com/photo-1716436329836-208bea5a55e6?q=80&w=2128&auto=format&fit=crop&ixlib=rb-4.0.3&ixid=M3wxMjA3fDB8MHxwaG90by1wYWdlfHx8fGVufDB8fHx8fA%3D%3D\" alt=\"House Price Prediction Project Visual\" style=\"width:100%; max-width:600px; border-radius:12px; margin:25px auto; display:block;\"/><p style=\"font-size:1.2em; margin-top:2em;\">Start your ML journey today and unlock endless possibilities in AI-driven technology!</p>",
    "category": "Data Science",
    "tags": ["DataViz", "Python", "Charts"],
    "date": "April 07, 2025",
    "readTime": "7 min read",
    "image": "https://images.unsplash.com/photo-1591696331111-ef9586a5b17a?q=80&w=2070&auto=format&fit=crop&ixlib=rb-4.0.3&ixid=M3wxMjA3fDB8MHxwaG90by1wYWdlfHx8fGVufDB8fHx8fA%3D%3D",
    "imageCard": "https://images.unsplash.com/photo-1591696331111-ef9586a5b17a?q=80&w=2070&auto=format&fit=crop&ixlib=rb-4.0.3&ixid=M3wxMjA3fDB8MHxwaG90by1wYWdlfHx8fGVufDB8fHx8fA%3D%3D",
    "imageBanner": "https://images.unsplash.com/photo-1591696331111-ef9586a5b17a?q=80&w=2070&auto=format&fit=crop&ixlib=rb-4.0.3&ixid=M3wxMjA3fDB8MHxwaG90by1wYWdlfHx8fGVufDB8fHx8fA%3D%3D"
  },
  {
    "id": "6",
    "slug": "data-visualization-techniques",
    "title": "Advanced Data Visualization Techniques",
    "excerpt": "Explore advanced methods to visualize complex datasets effectively.",
    "content": "<h1 style=\"font-size:2.5em; margin-bottom:0.5em;\">Introduction to Machine Learning</h1><p style=\"font-size:1.2em; line-height:1.6;\">Welcome to the exciting world of Machine Learning (ML)! This beginner-friendly guide introduces you to core concepts, essential tools, and practical examples to kick-start your journey.</p><h2 style=\"margin-top:2em; font-size:2em;\">What is Machine Learning?</h2><p style=\"font-size:1.1em; line-height:1.6;\">Machine Learning is a branch of Artificial Intelligence (AI) that enables systems to learn from data and improve over time without being explicitly programmed. It’s all about discovering patterns and making intelligent predictions.</p><img src=\"https://images.unsplash.com/photo-1527474305487-b87b222841cc?q=80&w=2070&auto=format&fit=crop\" alt=\"Conceptual image of machine learning\" style=\"width:100%; max-width:600px; border-radius:12px; margin:25px auto; display:block;\"/><h2 style=\"margin-top:2em; font-size:2em;\">Key Concepts</h2><p style=\"font-size:1.1em; line-height:1.6;\">Here are some of the fundamental concepts in Machine Learning:</p><table style=\"width:100%; border-collapse:collapse; margin:20px 0; text-align:left;\"><thead><tr style=\"background-color:#2a2a2a; color:#fff;\"><th style=\"padding:12px; border:1px solid #ddd;\">Concept</th><th style=\"padding:12px; border:1px solid #ddd;\">Description</th></tr></thead><tbody><tr><td style=\"padding:12px; border:1px solid #ddd;\">Supervised Learning</td><td style=\"padding:12px; border:1px solid #ddd;\">Trains models using labeled data (e.g., classification, regression).</td></tr><tr><td style=\"padding:12px; border:1px solid #ddd;\">Unsupervised Learning</td><td style=\"padding:12px; border:1px solid #ddd;\">Discovers patterns in unlabeled data (e.g., clustering).</td></tr><tr><td style=\"padding:12px; border:1px solid #ddd;\">Reinforcement Learning</td><td style=\"padding:12px; border:1px solid #ddd;\">Learns by interacting with environments through feedback (e.g., robotics, game AI).</td></tr></tbody></table><h2 style=\"margin-top:2em; font-size:2em;\">Getting Started with Python</h2><p style=\"font-size:1.1em; line-height:1.6;\">Python is the go-to language for ML development. Here’s a simple example using <code style=\"background-color:#eee; padding:2px 4px; color:black; border-radius:4px;\">scikit-learn</code>:</p><pre style=\"background-color:#1e1e1e; color:#ffffff; padding:16px; border-radius:8px; overflow-x:auto;\"><code>from sklearn.linear_model import LinearRegression\nimport numpy as np\n\nX = np.array([[1], [2], [3]])\ny = np.array([2, 4, 6])\n\nmodel = LinearRegression().fit(X, y)\nprint(model.predict([[4]]))  # Output: [8]</code></pre><h2 style=\"margin-top:2em; font-size:2em;\">Project Example</h2><p style=\"font-size:1.1em; line-height:1.6;\">Get hands-on with a beginner-friendly ML project: <a href=\"https://github.com/farsanathasnem/ml-predictor\" target=\"_blank\" style=\"color:#6366f1; text-decoration:underline;\">House Price Prediction</a>. This project uses regression techniques to estimate house prices based on features like area and location.</p><img src=\"https://images.unsplash.com/photo-1716436329836-208bea5a55e6?q=80&w=2128&auto=format&fit=crop&ixlib=rb-4.0.3&ixid=M3wxMjA3fDB8MHxwaG90by1wYWdlfHx8fGVufDB8fHx8fA%3D%3D\" alt=\"House Price Prediction Project Visual\" style=\"width:100%; max-width:600px; border-radius:12px; margin:25px auto; display:block;\"/><p style=\"font-size:1.2em; margin-top:2em;\">Start your ML journey today and unlock endless possibilities in AI-driven technology!</p>",
    "category": "Data Science",
    "tags": ["DataViz", "Python", "Charts"],
    "date": "April 07, 2025",
    "readTime": "7 min read",
    "image": "https://images.unsplash.com/photo-1591696331111-ef9586a5b17a?q=80&w=2070&auto=format&fit=crop&ixlib=rb-4.0.3&ixid=M3wxMjA3fDB8MHxwaG90by1wYWdlfHx8fGVufDB8fHx8fA%3D%3D",
    "imageCard": "https://images.unsplash.com/photo-1591696331111-ef9586a5b17a?q=80&w=2070&auto=format&fit=crop&ixlib=rb-4.0.3&ixid=M3wxMjA3fDB8MHxwaG90by1wYWdlfHx8fGVufDB8fHx8fA%3D%3D",
    "imageBanner": "https://images.unsplash.com/photo-1591696331111-ef9586a5b17a?q=80&w=2070&auto=format&fit=crop&ixlib=rb-4.0.3&ixid=M3wxMjA3fDB8MHxwaG90by1wYWdlfHx8fGVufDB8fHx8fA%3D%3D"
  }
]